{
  "0-127-0-102": {
    "keyRange": { "lo": 0, "hi": 102 },
    "velRange": { "lo": 0, "hi": 127 },
    "sampleOffsets": {
      "start": 1236247,
      "end": 1258017,
      "startLoop": 1257985,
      "endLoop": 1257985
    },
    "_modLFO": {
      "delay": -735,
      "freq": -1200,
      "effects": {
        "pitch": 8.232868577263734,
        "filter": 11.311579810774594,
        "volume": 1.0005777895065548
      }
    },
    "_vibrLFO": {
      "delay": -735,
      "freq": -1200,
      "effects": {
        "pitch": 8.232868577263734,
        "filter": 11.311579810774594,
        "volume": 1.0005777895065548
      }
    },
    "lpf": { "cutoff": 0, "q": 1 },
    "chorus": 0,
    "reverbSend": 70,
    "pan": 0,
    "attenuate": 1.0412621525348065,
    "instrumentID": 254,
    "pitch": 6797,
    "sampleMode": 1,
    "sampleID": 53,
    "shdr": {
      "name": "English Horn-G#4",
      "start": 1236247,
      "end": 1258017,
      "startLoop": 1251330,
      "endLoop": 1257985,
      "sampleRate": 27174,
      "originalPitch": 68,
      "pitchCorrection": 0,
      "sampleLink": 0,
      "sampleType": 1
    },
    "_volEnv": {
      "phases": {
        "decay": -11999,
        "attack": 3102,
        "delay": -11999,
        "release": 770,
        "hold": -11999
      },
      "sustain": 1,
      "effects": { "filter": 47.24954493690862, "pitch": 8.632201427043531 }
    }
  },
  "0-127-59-61": {
    "keyRange": { "lo": 59, "hi": 61 },
    "velRange": { "lo": 0, "hi": 127 },
    "sampleOffsets": {
      "start": 11649938,
      "end": 11656080,
      "startLoop": 11656059,
      "endLoop": 11656059
    },
    "_modLFO": {
      "delay": -735,
      "freq": -1200,
      "effects": {
        "pitch": 8.232868577263734,
        "filter": 11.311579810774594,
        "volume": 1.0005777895065548
      }
    },
    "_vibrLFO": {
      "delay": -735,
      "freq": -1200,
      "effects": {
        "pitch": 8.232868577263734,
        "filter": 11.311579810774594,
        "volume": 1.0005777895065548
      }
    },
    "lpf": { "cutoff": 0, "q": 1 },
    "chorus": 0,
    "reverbSend": 70,
    "pan": 0,
    "attenuate": 1.0412621525348065,
    "instrumentID": 254,
    "pitch": 6197,
    "sampleMode": 1,
    "sampleID": 660,
    "shdr": {
      "name": "Bassoon-D4",
      "start": 11649938,
      "end": 11656080,
      "startLoop": 11655929,
      "endLoop": 11656044,
      "sampleRate": 33000,
      "originalPitch": 62,
      "pitchCorrection": 0,
      "sampleLink": 0,
      "sampleType": 1
    },
    "_volEnv": {
      "phases": {
        "decay": -11999,
        "attack": 3102,
        "delay": -11999,
        "release": 770,
        "hold": -11999
      },
      "sustain": 1,
      "effects": { "filter": 47.24954493690862, "pitch": 8.632201427043531 }
    }
  }
}
