{
  "120-49-88-30": {
    "keyRange": { "lo": 88, "hi": 30 },
    "velRange": { "lo": 120, "hi": 49 },
    "sampleOffsets": {
      "start": 338344800,
      "end": 341742576,
      "startLoop": 341742528,
      "endLoop": 341742528
    },
    "_modLFO": {
      "delay": 7973,
      "freq": -856,
      "effects": {
        "pitch": 8.138306016348,
        "filter": 11.311579810774594,
        "volume": 1.0005777895065548
      }
    },
    "_vibrLFO": {
      "delay": 7973,
      "freq": -856,
      "effects": {
        "pitch": 8.138306016348,
        "filter": 11.311579810774594,
        "volume": 1.0005777895065548
      }
    },
    "lpf": { "cutoff": 4.906616549327614, "q": 8.232868577263734 },
    "chorus": 0,
    "reverbSend": 70,
    "pan": -300,
    "attenuate": 0.9942404238175473,
    "instrumentID": 105,
    "pitch": 2600,
    "sampleMode": 1,
    "sampleID": 325,
    "shdr": {
      "name": "Grand Piano-D1",
      "start": 7048850,
      "end": 7119637,
      "startLoop": 7084490,
      "endLoop": 7119636,
      "sampleRate": 31000,
      "originalPitch": 26,
      "pitchCorrection": 0,
      "sampleLink": 0,
      "sampleType": 1
    },
    "_volEnv": {
      "phases": {
        "decay": 867,
        "attack": -7973,
        "delay": -11999,
        "release": -746,
        "hold": -11999
      },
      "sustain": 1,
      "effects": { "filter": 110.00270545782993, "pitch": 8.632201427043531 }
    },
    "_modEnv": {
      "phases": {
        "decay": 867,
        "attack": -7973,
        "delay": -11999,
        "release": -746,
        "hold": -11999
      },
      "sustain": 1,
      "effects": { "filter": 110.00270545782993, "pitch": 8.632201427043531 }
    }
  },
  "120-49-88-34": {
    "keyRange": { "lo": 88, "hi": 34 },
    "velRange": { "lo": 120, "hi": 49 },
    "sampleOffsets": {
      "start": 334506624,
      "end": 338343264,
      "startLoop": 338343216,
      "endLoop": 338343216
    },
    "_modLFO": {
      "delay": 7973,
      "freq": -856,
      "effects": {
        "pitch": 8.138306016348,
        "filter": 11.311579810774594,
        "volume": 1.0005777895065548
      }
    },
    "_vibrLFO": {
      "delay": 7973,
      "freq": -856,
      "effects": {
        "pitch": 8.138306016348,
        "filter": 11.311579810774594,
        "volume": 1.0005777895065548
      }
    },
    "lpf": { "cutoff": 4.906616549327614, "q": 8.232868577263734 },
    "chorus": 0,
    "reverbSend": 70,
    "pan": -260,
    "attenuate": 0.9942404238175473,
    "instrumentID": 105,
    "pitch": 2900,
    "sampleMode": 1,
    "sampleID": 324,
    "shdr": {
      "name": "Grand Piano-F1",
      "start": 6968888,
      "end": 7048818,
      "startLoop": 7016757,
      "endLoop": 7048817,
      "sampleRate": 31000,
      "originalPitch": 29,
      "pitchCorrection": 0,
      "sampleLink": 0,
      "sampleType": 1
    },
    "_volEnv": {
      "phases": {
        "decay": 867,
        "attack": -7973,
        "delay": -11999,
        "release": -746,
        "hold": -11999
      },
      "sustain": 1,
      "effects": { "filter": 110.00270545782993, "pitch": 8.632201427043531 }
    },
    "_modEnv": {
      "phases": {
        "decay": 867,
        "attack": -7973,
        "delay": -11999,
        "release": -746,
        "hold": -11999
      },
      "sustain": 1,
      "effects": { "filter": 110.00270545782993, "pitch": 8.632201427043531 }
    }
  }
}
